title,url
The Smart City and its Citizens: Governance and Citizen Participation in Amsterdam Smart City,http://www.igi-global.com/article/the-smart-city-and-its-citizens/144771
Initial Conditions Matter: Social Capital and Participatory Development,http://papers.ssrn.com/sol3/papers.cfm?abstract_id=2708376
Why a Nudge is Not Enough: A social identity critique of governanceby stealth,http://onlinelibrary.wiley.com/doi/10.1111/1475-6765.12073/abstract
Government Data Does Not Mean Data Governance: Lessons Learned from a Public Sector Application Audit,http://www.sciencedirect.com/science/article/pii/S0740624X15000593
The Individiualisation of Party Politics: The Impact of Changing Internal Decision-Making Processes on Policy Development and Citizen Engagement,http://onlinelibrary.wiley.com/doi/10.1111/1467-856X.12035/full?utm_content=buffer3baa6&utm_medium=social&utm_source=twitter.com&utm_campaign=buffer
Does transparency matter? Evaluating the governance impacts of the Extractive Industries Transparency Initiative (EITI) in Azerbaijan and Liberia,http://eiti.org/files/Sovacool%20%26%20Andrews%20%5B2015%5D%20-%20Does%20transparency%20matter%20-%20%20Evaluating%20the%20governance%20impacts%20of%20the%20Extractive%20Industries%20Transparency%20Initiative%20%28EITI%29%20in%20Azerbaijan%20and%20Liberia.pdf
Smart cities: moving beyond urban cybernetics to tackle wicked problems,http://cjres.oxfordjournals.org/content/8/1/79
Teaching Open Data for Social Movements: a Research Strategy,http://ci-journal.net/index.php/ciej/article/view/1220/1165
Effects of the Internet on Participation: Study of a Public Policy Referendum in Brazil,http://www-wds.worldbank.org/external/default/WDSContentServer/WDSP/IB/2015/02/26/090224b082b5d396/1_0/Rendered/PDF/Effects0of0the0referendum0in0Brazil.pdf
Confronting the Hype: The Use of Crisis Mapping for Community Development,http://con.sagepub.com/content/early/2015/05/15/1354856515584320.abstract
Developing Together: Investigating best practices for community development and public consultation,http://trentcentre.ca/documents/public/4458FinalReport.pdf?utm_content=buffer8a279&utm_medium=social&utm_source=twitter.com&utm_campaign=buffer
Privacy and Open Government,http://www.mdpi.com/1999-5903/6/2/397/htm
Reimagining Governance in Practice: Benchmarking British Columbia’s Citizen Engagement Efforts,http://papers.ssrn.com/sol3/papers.cfm?abstract_id=2560761
Government Information Sharing: Is Data Going Out of the Silos, Into the Mines?,http://www.oipc.ab.ca/media/389571/Report_Government_Information_Sharing_Jan2015.pdf
Constitutional Conventions in the Digital Era: Lessons from Iceland and Ireland,http://iclr.bclawreview.org/files/2015/05/03_suteu.pdf
Another Tale of Two Cities: Understanding Human Activity Space Using Actively Tracked Cellphone Location Data,http://www.tandfonline.com/doi/full/10.1080/00045608.2015.1120147
Online Consultation and Governance Reform in Chinese Ministries and Provinces,http://www.lafollette.wisc.edu/images/publications/rule-Balla.pdf?utm_content=bufferbbbcd&utm_medium=social&utm_source=twitter.com&utm_campaign=buffer
Can Bottom-Up Institutional Reform Improve Service Delivery?,http://www.iadb.org/en/research-and-data/publication-details,3169.html?pub_id=IDB-WP-513
Participatory Budgeting in the Dominican Republic: Implications for Agency, Democracy and Development,http://drum.lib.umd.edu/handle/1903/16141?utm_content=buffer95007&utm_medium=social&utm_source=twitter.com&utm_campaign=buffer
Collaborative approaches to public sector innovation: A scoping study,http://www.sciencedirect.com/science/article/pii/S0308596114000615
Open governance systems: Doing more with more,http://www.sciencedirect.com/science/article/pii/S0740624X15300034
True Collective Intelligence? A Sketch of a Possible New Field,http://link.springer.com/article/10.1007%2Fs13347-013-0146-3
Urban technology analysis matrix,http://www.emeraldinsight.com/doi/full/10.1108/MEQ-02-2014-0026
Nudge and the Law: A European Perspective,http://www.hartpub.co.uk/books/details.asp?isbn=9781849467322

Business Models for Open Innovation: Matching Heterogenous Open Innovation Strategies with Business Model Dimensions
,http://papers.ssrn.com/sol3/papers.cfm?abstract_id=2493736
A Platform for Closing the Open Data Feedback Loop Based on Web2.0 Functionality,http://microblogging.infodocs.eu/wp-content/uploads/2014/12/327-1316-1-PB-1.pdf
Beyond just politics: A systematic literature review of online participation,http://www.firstmonday.dk/ojs/index.php/fm/article/view/5260/4094
Citizen Involvment in Local Environmental Governance: A Methodology Combining Human-Centered Design and Living Lab Approaches,http://www.ejeg.com/volume12/issue2
Online Participation in Higher Education Decision-making,http://www.jedem.org/index.php/jedem/article/view/247
Parliamentary Information Visualization as a Means for Legislative Transparency and Citizen Empowerment?,http://www.jedem.org/index.php/jedem/article/view/222
Revolution Delayed: The Impact Open Data on the Fight Against Corruption,http://www.rissc.it/sites/default/files/images/2015%20TACOD%20REPORT.pdf
Smart cities: the state-of-the-art and governance challenge,http://link.springer.com/article/10.1186/s40604-014-0007-9/fulltext.html
Social Network Sites as a Mode to Collect Health Data: A Systematic Review,http://www.jmir.org/2014/7/e171/
The Decalogue of Policy Making 2.0: Results from Analysis of Case Studies 
on the Impact of ICT for Governance and Policy Modelling,http://link.springer.com/chapter/10.1007/978-3-319-08081-9_10
An In-Depth Analysis of Open Data Portals as an Emerging Public E-Service,http://waset.org/Publication/an-in-depth-analysis-of-open-data-portals-as-an-emerging-public-e-service/10000736
Breaking Public Administrations’ Data Silos,http://www.jedem.org/index.php/jedem/article/view/304
Policies for a Fair Re-Use of Data: Big Data and the Application of Anonymization Techniques,http://www.kma.informatik.tu-darmstadt.de/fileadmin/user_upload/Group_KMA/prinfws15/Policies_for_a_fair_re-use_of_data.pdf
Nudges to Privacy Behaviour: Exploring an Alternative Approach to Privacy Notices,http://publications.jrc.ec.europa.eu/repository/bitstream/JRC96695/jrc96695.pdf
Privacy, Security and Data Protection in Smart Cities: a Critical EU Law Perspective,http://zenodo.org/record/34501/files/CREATe-Working-Paper-2015-11.pdf
Collective Intelligence in Law Reforms: When the Logic of the Crowds and the Logic of Policymaking Collide,http://thefinnishexperiment.com/2016/01/04/collective-intelligence-in-law-reforms-when-the-logic-of-the-crowds-and-the-logic-of-policymaking-collide/
Crowdsourced Off-Road Traffic Law Experiment in Finland: Report about idea crowdsourcing and evaluation,http://pacscenter.stanford.edu/wp-content/uploads/2016/01/Goel-Landemore-Crowdsourcing-in-democracy-Crowdsourced-Law-Reform-in-Finland.pdf
Crowdsourcing for Participatory Democracies: Efficient Elicitation of Social Choice Functions,http://pacscenter.stanford.edu/wp-content/uploads/2016/01/Goel-Landemore-Crowdsourcing-for-democracy-2014.pdf
Big Data: Google Searches Predict Unemployment in Finland,http://ideas.repec.org/p/rif/report/31.html
Does Crowdsourcing Legislation Increase Political Legitimacy? The Case of Avoin Ministeri in Finland,http://onlinelibrary.wiley.com/doi/10.1002/poi3.80/abstract
Five design principles for crowdsourced policymaking: Assessing the case of crowdsourced off-road traffic law in Finland,http://thefinnishexperiment.com/wp-content/uploads/2015/02/AitamurtoLandemore-final-revisionpdf.pdf?utm_content=buffer2a4e0&utm_medium=social&utm_source=twitter.com&utm_campaign=buffer
Exploration, Extraction and ‘Rawification’. The Shaping of Transparency in the Back Rooms of Open Data,http://papers.ssrn.com/sol3/papers.cfm?abstract_id=2403069
Habermas and the Garants : Narrowing the gap between policy and practice in French organisation – citizen engagement,http://mams.rmit.edu.au/axlu02i2337i1.pdf
Datafication and empowerment: How the open data movement re-articulates notions of democracy, participation, and journalism,http://bds.sagepub.com/content/2/2/2053951715594634
Opening Public Transit Data in Germany,http://dbis.eprints.uni-ulm.de/1054/1/Kaufmann2014.pdf
One way traffic: The open data initiative project and the need for an effective demand side initiative in Ghana,http://www.sciencedirect.com/science/article/pii/S0740624X15000908
Open collaboration in the public sector: The case of social coding on GitHub,http://www.sciencedirect.com/science/article/pii/S0740624X15300095
Rethinking Smart Cities From The Ground Up,http://www.nesta.org.uk/publications/rethinking-smart-cities-ground
Real-time information about public transport’s position using crowdsourcing,http://dl.acm.org/citation.cfm?id=2645807
A Taxonomy of Open Government Data Research Areas and Topics,http://www.tandfonline.com/doi/abs/10.1080/10919392.2015.1124720
e-Consultation Platforms: Generating or Just Recycling Ideas?,http://link.springer.com/chapter/10.1007/978-3-319-22500-5_4
Social Network Targeting to Maximise Population Behaviour Change: A Cluster Randomised Controlled Trial,http://www.thelancet.com/journals/lancet/article/PIIS0140-6736(15)60095-2/fulltext
A multi-source dataset of urban life in the city of Milan and the Province of Trentino,http://www.nature.com/articles/sdata201555
Managerial Governance and Transparency in Public Sector to Improve Services for Citizens and Companies,http://papers.ssrn.com/sol3/papers.cfm?abstract_id=2578142
Assessing Social Value in Open Data Initiatives: A Framework,http://www.mdpi.com/1999-5903/6/3/498/htm
Why women participate less in civic activity: Evidence from Mali ,http://www.gsdrc.org/go/display&type=Document&id=5809&utm_medium=rss&utm_campaign=gsdrc&utm_source=newsfeed
Social Media and Local Governments: Theory and Practice,http://www.springer.com/us/book/9783319177212
Budgetary participation and managerial performance: The impact of information and environmental volatility,http://growingscience.com/beta/msl/2049-budgetary-participation-and-managerial-performance-the-impact-of-information-and-environmental-volatility.html
Does Twitter Increase Perceived Police Legitimacy?,http://onlinelibrary.wiley.com/doi/10.1111/puar.12378/epdf
Data democracy increased supply of geospatial information and expanded participatory processes in the production of data,http://www.tandfonline.com/doi/abs/10.1080/17538947.2015.1008214
Gender Gaps in Civic and Political Participation in Latin America,http://onlinelibrary.wiley.com/doi/10.1111/j.1548-2456.2015.00262.x/abstract;jsessionid=DC4BEFFBE6E590F6C8324697CBB8DBD2.f02t01?deniedAccessCustomisedMessage=&userIsAuthenticated=false&utm_content=buffer7497f&utm_medium=social&utm_source=twitter.com&utm_campaign=buffer
Government as a Platform: A Historical and Architectural Analysis,http://ojs.bibsys.no/index.php/Nokobit/article/viewFile/262/226
Crowd Sourced Legislation and Politics: The Legitimacy of Constitutional Deliberation in Romania,http://papers.ssrn.com/sol3/papers.cfm?abstract_id=2691938
Does Participatory Budgeting Improve Decentralized Public Service Delivery?,http://publications.iadb.org/handle/11319/6699?locale-attribute=en
Does Participatory Budgeting Improve Decentralized Public Service Delivery?,http://publications.iadb.org/bitstream/handle/11319/6699/Does-Participatory-Budgeting-Improve-Decentralized-Public-Service-Delivery.pdf?sequence=
Viscous Open Data: The Roles of Intermediaries in an Open Data Ecosystem,http://www.tandfonline.com/doi/abs/10.1080/02681102.2015.1081868
Supply-Side Variants in the Supply of Open Data in University Governance,http://dl.acm.org/citation.cfm?id=2591948
Open Data in the Governance of South African Higher Education,http://www.opendataresearch.org/sites/default/files/publications/Open%20Data%20in%20the%20Governance%20of%20South%20African%20Higher%20Education%20WEB.PDF
Beating the news' with EMBERS: Forecasting Civil Unrest using Open Source Indicators,http://arxiv.org/abs/1402.7035
Smart cities from scratch? a socio-technical perspective,http://cjres.oxfordjournals.org/content/8/1/43
Beyond the participatory process: Consequences in the interaction between civil society and local authorities,http://www.icpublicpolicy.org/conference/file/reponse/1434445172.pdf
Scaling of City Attractiveness for Foreign Visitors Through Big Data of Human Economic and Social Media Activity,http://arxiv.org/pdf/1504.06003v1.pdf
Internet Voting for Expatriates: The Swiss Case,http://www.jedem.org/index.php/jedem/article/view/302
Citizens' Use of New Media in Authoritarian Regimes: A Case Study of Uganda,http://www.ejisdc.org/ojs2/index.php/ejisdc/article/view/1437/558
Crowdsourcing as a tool for political participation? – the case of Ugandawatch,http://www.ijpis.net/ojs/index.php/IJPIS/article/view/131/pdf
Collective Intelligence in Patient Organisations,http://www.nesta.org.uk/publications/collective-intelligence-patient-organisations
Conceptualizing Open Data ecosystems: A timeline analysis of Open Data development in the UK,http://hdl.handle.net/10419/96627
Creating a national citizen engagement process for energy policy,http://www.pnas.org/content/111/Supplement_4/13606.short
Crowdsourcing and regulatory reviews: A new way of challenging red tape in British government?,http://onlinelibrary.wiley.com/doi/10.1111/rego.12048/abstract;jsessionid=E40A7A0FAE72C9070DFCC3B5DEAC2357.f01t02?deniedAccessCustomisedMessage=&userIsAuthenticated=false
Police.uk and Data.police.uk: Developing Open Crime and Justice Data for the UK,http://www.jedem.org/index.php/jedem/article/view/326
Public Participation Organizations and Open Policy: A Constitutional Moment for British Democracy? ,http://scx.sagepub.com/content/37/6/769.full.pdf+html
Revolutionising Digital Public Service Delivery: A UK Government Perspective,http://www.blogs.jbs.cam.ac.uk/markthompson/wp-content/uploads/2014/02/Digital-Public-Service-Delivery.pdf
Smart Devolution,http://www.policyexchange.org.uk/images/publications/smart%20cities%20report.pdf
The Open Data Era in Health and Social Care,http://images.thegovlab.org/wordpress/wp-content/uploads/2014/06/nhs-full-report.pdf
The Populist Signal,http://www.policy-network.net/publications_detail.aspx?ID=4918
The Third Sector and Online Citizen Empowerment: the Case of mySociety,http://www.mysociety.org/files/2014/12/manchester.pdf
TheyWorkForYou.com: Analysis of users and usage for UK Citizens Online Democracy,http://www.mysociety.org/files/2011/06/TheyWorkForYou_research_report-2011-Tobias-Escher1.pdf
Urban Data Games: Creating Smart Citizens for Smart Cities,http://oro.open.ac.uk/42603/2/UDG-Icalt-abridged.pdf
Privacy in Public Spaces: What Expectations of Privacy Do We Have in Social Media Intelligence?,http://papers.ssrn.com/sol3/papers.cfm?abstract_id=2702426
Removing barriers for citizen participation to urban innovation,http://oro.open.ac.uk/43854/
Inside the Nudge Unit: How small changes can make a big difference,http://www.penguin.co.uk/books/1108284/inside-the-nudge-unit/9780753551387/
Opening access to administrative data for evaluating public servics: The case of the Justice Data Lab,http://evi.sagepub.com/content/21/2/232.full.pdf+html
Behavioural Science, Randomized Evaluations and the Transformation of Public Policy: The Case of the UK Government,http://poseidon01.ssrn.com/delivery.php?ID=097121094120023110096029091088076023000008008093019054002070096099087030124106006108098036006047039023098027004096097089077096012044036045000027085103068105079118010090052002095028090013094069064082028093109014099098111098127065015027125106072013101072&EXT=pdf
Open Data Means Business,http://theodi.org/open-data-means-business
Law is Code: A Software Engineering Approach to Analyzing the United States Code,http://papers.ssrn.com/sol3/papers.cfm?abstract_id=2511947
A framework for Adoption of Challenges and Prizes in US Federal Agencies: A Study of Early Adopters,http://gradworks.umi.com/37/02/3702328.html
A Process Model for Crowdsourcing Design: A Case Study in Citizen Science,http://link.springer.com/chapter/10.1007%2F978-3-319-14956-1_14
Crowdsourcing medical expertise in near real time,http://onlinelibrary.wiley.com/doi/10.1002/jhm.2204/abstract
Digilantism: An Analysis of Crowdsourcing and the Boston Marathon Bombings,http://bjc.oxfordjournals.org/content/early/2015/12/06/bjc.azv118.abstract
Embracing Crowdsourcing: A Strategy for State and Local Governments Approaching “Whole Community” Emergency Planning,http://slg.sagepub.com/content/47/1/57.short
Opening Government: Designing Open Innovation Processes to Collaborate With External Problem Solvers,http://ssc.sagepub.com/content/early/2014/12/11/0894439314560851
A taxonomy of crowdsourcing based on task complexity,http://jis.sagepub.com/content/40/6/823
Benchmarking open government: An open data perspective,http://www.sciencedirect.com/science/article/pii/S0740624X14000434
Big Data and Privacy: Emerging Issues,http://ieeexplore.ieee.org/xpl/articleDetails.jsp?tp=&arnumber=7320921
‘Data.gov-in-a-box’: Delimiting transparency,http://est.sagepub.com/content/early/2015/02/27/1368431014555259.abstract
A New Source of Data for Public Health Surveillance: Facebook Likes,http://www.jmir.org/2015/4/e98/
Big Data and Big Cities: The Promises and Limitations of Improved Measures of Urban Life,http://papers.ssrn.com/sol3/papers.cfm?abstract_id=2694723
Big Data from the bottom up,http://bds.sagepub.com/content/1/2/2053951714539277.full
Can 311 Call Centers Improve Service Delivery? Lessons from New York and Chicago,http://publications.iadb.org/handle/11319/6765?scope=123456789/1&thumbnail=true&rpp=5&page=1&group_by=none&etal=0
Citizen Science for Citizen Access to Law,http://ojs.law.cornell.edu/index.php/joal/article/view/34/54
Citizen-Centered Government: The Mayor's Office of New Urban Mechanics and the Evolution of CRM in Boston,http://papers.ssrn.com/sol3/papers.cfm?abstract_id=2307158
Codifying Collegiality: Recent Developments in Data Sharing Policy in the Life Sciences,http://journals.plos.org/plosone/article?id=10.1371/journal.pone.0108451
Competition-Based Innovation: The Case of the X Prize Foundation,http://papers.ssrn.com/sol3/papers.cfm?abstract_id=2549616
Crowdsourcing Parking Lot Occupancy using a Mobile Phone Application,http://www.ase360.org/handle/123456789/107
Crowdsourcing Pedestrian and Cyclist Activity Data,http://www.pedbikeinfo.org/cms/downloads/PBIC_WhitePaper_Crowdsourcing.pdf
Crowdteaching: Supporting Teaching as Designing in Crowdsourcing Communities,http://www.irrodl.org/index.php/irrodl/article/view/1785/3000
Fifty Shades of Manipulation,http://papers.ssrn.com/sol3/papers.cfm?abstract_id=2565892
Is Transparency a Recipe for Innovation?,http://irc.queensu.ca/articles/transparency-recipe-innovation
Managing Innovation in a Crowd,http://papers.ssrn.com/sol3/papers.cfm?abstract_id=2382917
Nowcasting Disaster Damage,http://arxiv.org/ftp/arxiv/papers/1504/1504.06827.pdf
Preparing for Responsible Sharing of Clinical Trial Data,http://www.nejm.org/doi/full/10.1056/NEJMhle1309073
Smarter, Better, Faster: The Potential for Predictive Analytics and Rapid-Cycle Evaluation to Improve Program Development and Outcomes,http://www.brookings.edu/~/media/research/files/papers/2014/06/19_hamilton_policies_addressing_poverty/predictive_analytics_rapid_cycle_evaluation_cody_asher.pdf
The Reliability of Tweets as a Supplementary Method of Seasonal Influenza Surveillance,http://www.jmir.org/2014/11/e250/
A new model to explore non-profit social media use for advocacy and civic engagement,http://firstmonday.org/ojs/index.php/fm/article/view/5912/5002
Improving Crowdsourcing and Citizen Science as a Policy Mechanism for NA,http://online.liebertpub.com/doi/abs/10.1089/space.2015.0017
Innovation Experiments: Researching Technical Advance, Knowledge Production and the Design of Supporting Institutions,http://papers.ssrn.com/sol3/papers.cfm?abstract_id=2625593
Mining Administrative Data to Spur Urban Revitalization,http://dl.acm.org/citation.cfm?id=2788568
Open Data: A 21st Century Asset for Small and Medium Sized Enterprises,http://thegovlab.org/open-data-a-21st-century-asset-for-small-and-medium-sized-enterprises/
OpenFDA: an innovative platform providing access to a wealth of FDA's publicly available data,http://jamia.oxfordjournals.org/content/jaminfo/early/2015/12/06/jamia.ocv153.full.pdf
Why Public Sector Agencies (Sometimes) Support Participatory Democracy Programs,http://www.academia.edu/6804781/Why_Public_Sector_Agencies_Sometimes_Support_Participatory_Democracy_Programs?utm_content=buffere7037&utm_medium=social&utm_source=twitter.com&utm_campaign=buffer
Anonymization and Risk,http://papers.ssrn.com/sol3/papers.cfm?abstract_id=2646185
Open Government: Missing Questions,http://aas.sagepub.com/content/early/2015/11/19/0095399715581624.abstract
Outcome-driven open innovation at NASA,http://www.sciencedirect.com/science/article/pii/S0265964615300072
Using Technology, Building Democracy: Digital Campaigning and the Construction of Citizenship,http://global.oup.com/academic/product/using-technology-building-democracy-9780190231910?cc=us&lang=en&#
Federal Front Door: The public's front door to government services,http://labs.usa.gov/files/FFD_ResearchReport_0216.pdf
Forecasting Domestic Violence: A Machine Learning Approach to Help Inform Arraignment Decisions,http://onlinelibrary.wiley.com/doi/10.1111/jels.12098/epdf
New Tools for Collaboration: The Experience of the U.S. Intelligence Community,http://businessofgovernment.org/sites/default/files/New%20Tools%20for%20Collaboration.pdf
Privacy as a Public Good,http://scholarship.law.duke.edu/cgi/viewcontent.cgi?article=3824&context=dlj
Report to the President: Technology and the Future of Cities,http://www.whitehouse.gov/sites/default/files/microsites/ostp/PCAST/pcast_cities_report___final_3_2016.pdf
Using prizes to spur innovation and government savings,http://www.rstreet.org/wp-content/uploads/2015/11/RSTREET44.pdf
Using Big Data to Understand the Human Condition: The Kavli HUMAN Project,http://online.liebertpub.com/doi/pdfplus/10.1089/big.2015.0012
The Diffusion and Evolution of 311 Citizen Service Centers in American Cities from 1996 to 2012: A Study to Identify the Catalysts for the Adoption of Citizen Engagement Technology,http://vtechworks.lib.vt.edu/bitstream/handle/10919/52634/O_Byrne_JC_D_2015.pdf?sequence=1&isAllowed=y
Immersive Policy Learning: An Interactive Course Experiment,http://www.naspaa.org/jpaemessenger/Article/VOL22-1/10_Kelley_Johnston.pdf
The Regulator of Tomorrow,http://dupress.com/articles/US-regulatory-agencies-and-technology/
Crowdsourcing Solutions for Disaster Response: Examples and Lessons for the US Government,http://ac.els-cdn.com/S1877705815010085/1-s2.0-S1877705815010085-main.pdf?_tid=919a3ea4-0743-11e6-81ec-00000aacb360&acdnat=1461189926_08007997023c7844b580964ba9128e75
The Silo Effect: The Peril of Expertise and the Promise of Breaking Down Barriers,http://books.simonandschuster.com/The-Silo-Effect/Gillian-Tett/9781451644739
The Behavioral Divide: A Critique of the Differential Implementation of Behavioral Law and Economics in the US and the EU,http://www.degruyter.com/view/j/ercl.2015.11.issue-4/ercl-2015-0020/ercl-2015-0020.xml
Why participate? A policy feedback approach to political participation in Zambia,https://ecommons.cornell.edu/handle/1813/41084
A Systematic Review of Online Deliberation Research,http://onlinelibrary.wiley.com/doi/10.1002/poi3.95/abstract;jsessionid=EE51B1566BD45C010AB0AFFC0C672ED0.f01t03?userIsAuthenticated=false&deniedAccessCustomisedMessage=&utm_content=bufferbd7cb&utm_medium=social&utm_source=twitter.com&utm_campaign=buffer
Algorithmic Life: Calculative Devices in the Age of Big Data,http://www.routledge.com/products/9781138852846
Beyond behaviour change: Key issues, interdisciplinary approaches and future directions,http://press.uchicago.edu/ucp/books/book/distributed/B/bo23503076.html
Beyond the Quantified Self: Thematic exploration of a dataistic paradigm,http://nms.sagepub.com/content/early/2015/09/22/1461444815609081.abstract
Big and Open Linked Data (BOLD) in government: A challenge to transparency and privacy?,http://www.sciencedirect.com/science/article/pii/S0740624X15001069
Big Data Analysis: New Algorithms for a New Society,http://www.springer.com/us/book/9783319269870
Brief survey of crowdsourcing for data mining,http://www.sciencedirect.com/science/article/pii/S0957417414003984
Cities in the 21st Century,http://www.routledge.com/products/9781138119642
Citizenship, Social Media, and Big Data: Current and Future Research in the Social Sciences,http://ssc.sagepub.com/content/early/2015/12/03/0894439315619589.abstract
Collective Intelligence or Group Think? Engaging Participation Patterns in World without Oil,http://dl.acm.org/citation.cfm?id=2675258
Confronting the Internet's Dark Side: Moral and Social Responsibility on the Free Highway,http://www.cambridge.org/us/academic/subjects/law/e-commerce-law/confronting-internets-dark-side-moral-and-social-responsibility-free-highway?format=HB
Democracy Reinvented: Participatory Budgeting and Civic Innovation in America,http://www.brookings.edu/research/books/2015/democracy-reinvented
Disclosing or obscuring? The politics of transparency in global climate governance,http://www.sciencedirect.com/science/article/pii/S1877343515001281
Flutrack.org: Open-source and linked data for epidemiology,http://jhi.sagepub.com/content/early/2015/09/02/1460458215599822.abstract
Forging Trust Communities: How Technology Changes Politics,http://jhupbooks.press.jhu.edu/content/forging-trust-communities
Governments and Citizens Getting to Know Each Other? Open, Closed, and Big Data in Public Management Reform,http://onlinelibrary.wiley.com/doi/10.1002/1944-2866.POI377/abstract
Handbook of Digital Politics,http://www.e-elgar.com/shop/handbook-of-digital-politics?___website=us_warehouse
How Open Data Are Turned into Services?,http://link.springer.com/chapter/10.1007/978-3-319-04810-9_3
Innovating and changing the policy-cycle: Policy-makers be prepared!,http://www.sciencedirect.com/science/article/pii/S0740624X15300265
Innovating for Healthy Urbanization,http://www.springer.com/us/book/9781489975966
Innovation Labs: Leveraging Openness for Radical Innovation?,http://papers.ssrn.com/sol3/papers.cfm?abstract_id=2556692
Interdisciplinary Perspectives on Trust: Towards Theoretical and Methodological Integration,http://www.springer.com/us/book/9783319222608
Knowing Governance: The Epistemic Construction of Political Order,http://link.springer.com/book/10.1057/9781137514509
Mind the Map: The Impact of Culture and Economic Affluence on Crowd-Mapping Behaviours,http://dl.acm.org/citation.cfm?id=2531713
Motivations for sustained participation in crowdsourcing: The role of talk in a citizen science case study,http://ieeexplore.ieee.org/xpl/articleDetails.jsp?reload=true&arnumber=7070006
On the barriers for local government releasing open data,http://www.sciencedirect.com/science/article/pii/S0740624X14000513
Open Government and Democracy: A Research Review,http://ssc.sagepub.com/content/early/2014/12/03/0894439314560847.abstract
Open Source Governance—A More Ambitious Cousin of Collaborative Governance,http://www.tandfonline.com/doi/abs/10.1080/01900692.2014.907315
Political Turbulence: How Social Media Shape Collective Action,http://press.princeton.edu/titles/10582.html
Predictive Analytics: The Power to Predict Who Will Click, Buy, Lie, or Die,http://www.predictiveanalyticsworld.com/book/overview.php
Privacy in a Digital, Networked World: Technologies, Implications and Solutions,http://www.springer.com/us/book/9783319084695
Remaking Participation: Science, Environment and Emergent Publics,http://www.routledge.com/products/9780415857406
Smart Cities as Democratic Ecologies,http://www.palgrave.com/us/book/9781137377197
Smart Citizens, Smarter State: The Technologies of Expertise and the Future of Governing,http://www.hup.harvard.edu/catalog.php?isbn=9780674286054
Smart Urbanism: Utopian vision or false dawn?,http://www.routledge.com/products/9781138844230
Smarter as the New Urban Agenda: A Comprehensive View of the 21st Century City,http://www.springer.com/us/book/9783319176192
Social Media for Government Services,http://www.springer.com/us/book/9783319272351
The Last Mile: Creating Social and Economic Value from Behavioral Insights,http://www.utppublishing.com/The-Last-Mile-Creating-Social-and-Economic-Value-from-Behavioral-Insights.html
The Metric Tide: Independent Review of the Role of Metrics in Research Assessment and Management,http://us.sagepub.com/en-us/nam/the-metric-tide/book251812
The multiple meanings of open government data: Understanding different stakeholders and their perspectives,http://www.sciencedirect.com/science/article/pii/S0740624X1530006X
The power of crowds,http://science.sciencemag.org/content/351/6268/32.summary
The Quest for Good Governance: How Societies Develop Control of Corruption,http://www.cambridge.org/us/academic/subjects/politics-international-relations/comparative-politics/quest-good-governance-how-societies-develop-control-corruption
The Routledge Companion to Social Media and Politics,http://www.routledge.com/products/9781138860766
The Transformation of Human Rights Fact-Finding,http://global.oup.com/academic/product/the-transformation-of-human-rights-fact-finding-9780190239497?cc=br&lang=en&#
The World of Indicators: The Making of Governmental Knowledge through Quantification,http://www.cambridge.org/us/academic/subjects/law/socio-legal-studies/world-indicators-making-governmental-knowledge-through-quantification?format=HB
Urban Civics: An IoT middleware for democratizing crowdsensed data in smart societies,http://ieeexplore.ieee.org/xpl/login.jsp?tp=&arnumber=7325081&url=http%3A%2F%2Fieeexplore.ieee.org%2Fxpls%2Fabs_all.jsp%3Farnumber%3D7325081
Using Social Media to Measure Labor Market Flows,http://www.nber.org/papers/w20010
A Systematic Review of Open Government Data Initiatives,http://www.sciencedirect.com/science/article/pii/S0740624X1500091X
Governance Networks in the Public Sector,http://www.routledge.com/products/9780415707015
Towards Decision Support for Disclosing Data: Closed or Open Data?,http://content.iospress.com/articles/information-polity/ip358
The Quiet Power of Indicators: Measuring Governance, Corruption, and Rule of Law,http://www.cambridge.org/us/academic/subjects/law/socio-legal-studies/quiet-power-indicators-measuring-governance-corruption-and-rule-law?format=HB#bookPeople
Advances in Crowdsourcing,http://www.springer.com/us/book/9783319183404
Technology and the Resilience of Metropolitan Regions: Digital Technologies and the Future of Cities,http://www.press.uillinois.edu/books/catalog/78wrn6se9780252039164.html
Participatory Governance,http://onlinelibrary.wiley.com/doi/10.1002/9781118900772.etrds0248/abstract?deniedAccessCustomisedMessage=&userIsAuthenticated=false
Protecting Privacy in Data Release,http://www.springer.com/us/book/9783319161082
The Everyone City: How ICT-Based Participation Shapes Urban Form,http://link.springer.com/chapter/10.1007%2F978-3-319-18368-8_17
New Technologies and Civic Engagement: New Agendas in Communication,http://www.routledge.com/products/9780415710497
An Analysis of the Map Seeking Circuit and Monte Carlo Extensions,http://ieeexplore.ieee.org/xpl/login.jsp?tp=&arnumber=4960237&url=http%3A%2F%2Fieeexplore.ieee.org%2Fxpls%2Fabs_all.jsp%3Farnumber%3D4960237
Gradient Field Correlation for Keypoint Correspondence,http://ieeexplore.ieee.org/xpl/login.jsp?tp=&arnumber=4379197&url=http%3A%2F%2Fieeexplore.ieee.org%2Fxpls%2Fabs_all.jsp%3Farnumber%3D4379197
An Interdiscilinary Approach to Visual Pattern Detection: Biologically Plausible Pattern Localisation and Parameter Estimation on Visual Data,http://www.lap-publishing.com/catalog/details//store/gb/book/978-3-8383-4473-7/an-interdisciplinary-approach-to-visual-pattern-detection
Open Data for Competitive Advantage: Insights from Open Data Use by Companies,http://dl.acm.org/citation.cfm?id=2757411
Policy Practice and Digital Science: Integrating Complex Systems, Social Simulation and Public Administration in Policy Research,http://www.springer.com/us/book/9783319127835
The Civic Organization and the Digital Citizen: Communicating Engagement in a Networked Age,http://global.oup.com/academic/product/the-civic-organization-and-the-digital-citizen-9780190203627?cc=us&lang=en&#
Secrecy and Publicity in Votes and Debates,http://www.cambridge.org/us/academic/subjects/politics-international-relations/political-theory/secrecy-and-publicity-votes-and-debates?format=HB
How Does Collaborative Governance Scale?,http://www.ingentaconnect.com/content/tpp/pap/2015/00000043/00000003/art00001
Using Social Media in Hotel Crisis Management: The Case of Bed Bugs,http://www.emeraldinsight.com/doi/abs/10.1108/JHTT-08-2014-0036
Transforming City Governments for Successful Smart Cities,http://www.springer.com/gb/book/9783319031668
Collaborative Innovation: Developing Health Support Ecosystems,http://www.routledge.com/products/9781315764511
Data protection in a big data society. Ideas for a future regulation,http://www.sciencedirect.com/science/article/pii/S1742287615001048
“Open” disclosure of innovations, incentives and follow-on reuse: Theory on processes of cumulative innovation and a field experiment in computational biology,http://www.sciencedirect.com/science/article/pii/S0048733314001425
A micro-democratic perspective on crowd-work,http://people.dsv.su.se/~khansson/papers/amicrodemocraticperspectiveoncrowdwork.pdf
A New Taxonomy of Smart City Projects,http://www.sciencedirect.com/science/article/pii/S2352146514001914
Addressing Global Data Sharing Challenges,http://jre.sagepub.com/content/10/3/317.short
Assessing the Evidence: The Effectiveness and Impact of Public Governance-Oriented Multi-Stakeholder Initiatives,http://papers.ssrn.com/sol3/papers.cfm?abstract_id=2693608
Behavioral Political Economy: A Survey,http://ideas.repec.org/p/ces/ceswps/_4988.html
Big Data and Visualization: Methods, Challenges and Technology Progress,http://pubs.sciepub.com/dt/1/1/7/
Big Data as Governmentality – Digital Traces, Algorithms, and the Reconfiguration of Data in International Development,http://papers.ssrn.com/sol3/papers.cfm?abstract_id=2698026
Big Data for Development: A Review of Promises and Challenges,http://onlinelibrary.wiley.com/doi/10.1111/dpr.12142/full
Big data in the policy cycle: Policy decision making in the digital era,http://www.tandfonline.com/doi/pdf/10.1080/10919392.2015.1125187
Changing What Counts: How Can Citizen-Generated and Civil Society Data Be Used as an Advocacy Tool to Change Official Data Collection?,http://civicus.org/thedatashift/wp-content/uploads/2016/03/changing-what-counts-2.pdf
Cities’ Open Government Data Heart Beat,http://papers.ssrn.com/sol3/papers.cfm?abstract_id=2575510
Citizen Science: The Law and Ethics of Public Access to Medical Big Data,http://papers.ssrn.com/sol3/papers.cfm?abstract_id=2491054
Collective Intelligence Meets Medical Decision-Making: The Collective Outperforms the Radiologist,http://journals.plos.org/plosone/article?id=10.1371/journal.pone.0134269
Crowd-Sourcing Corruption: What Petrified Forests, Street Music, Bath Towels and the Taxman Can Tell Us About the Prospects for Its Future,http://papers.ssrn.com/sol3/papers.cfm?abstract_id=2508606
Crowdsourced earthquake early warning,http://advances.sciencemag.org/content/1/3/e1500036
Crowdsourcing City Government: Using Tournaments to Improve Inspection Accuracy,http://people.hbs.edu/mluca/HygienePrediction.pdf
Crowdsourcing Diagnosis for Patients With Undiagnosed Illnesses: An Evaluation of CrowdMed,http://www.jmir.org/2016/1/e12/
Crowdsourcing Dilemma,http://arxiv.org/abs/1304.3548
Data Science of the People, for the People, by the People: A Viewpoint on an Emerging Dichotomy,http://krvarshney.github.io/pubs/Varshney_d4gx2015.pdf
Data-Driven Innovation: Big Data for Growth and Well-Being,http://www.keepeek.com/Digital-Asset-Management/oecd/science-and-technology/data-driven-innovation_9789264229358-en#page1
Democratic Rulemaking,http://papers.ssrn.com/sol3/papers.cfm?abstract_id=2658283
Designing for Cities: Technology and the Urban Experience,http://www.oreilly.com/design/free/designing-for-cities.csp
Distinguishing 'Crowded' Organizations from Groups and Communities: Is Three a Crowd?,http://papers.ssrn.com/sol3/papers.cfm?abstract_id=2446129
Ebola: A Big Data Disaster: Privacy, Property, and the Law of Disaster Experimentation,http://cis-india.org/papers/ebola-a-big-data-disaster
Effectively Crowdsourcing the Acquisition and Analysis of Visual Data for Disaster Response,http://infolab.usc.edu/DocsDemos/to_ieeebigdata2015.pdf
Equality of Participation Online Versus Face to Face: Condensed Analysis of the Community Forum Deliberative Methods Demonstration,http://arxiv.org/abs/1508.00883
Experiments on Crowdsourcing Policy Assessment,http://ipp.oii.ox.ac.uk/2014/programme-2014/track-c-engaging-the-crowd/design-i/john-prpi%C4%87-araz-taeihagh-james-melton-jr
From Mechanism to Virtue: Evaluating Nudge-Theory,http://papers.ssrn.com/sol3/papers.cfm?abstract_id=2620082
Fudging Nudging: Why 'Libertarian Paternalism' is the Contradiction It Claims It's Not,http://papers.ssrn.com/sol3/papers.cfm?abstract_id=2688636
Gamification and Sustainable Consumption: Overcoming the Limitations of Persuasive Technologies,http://publicationslist.org/data/lorenz.hilty/ref-232/2014_Huber_Hilty_Gamification_and_Sustainable_Consumption_AAM.pdf
Google Votes:  Liquid Democracy Experiment on a Corporate Social Network,http://www.tdcommons.org/cgi/viewcontent.cgi?article=1092&context=dpubs_series
Hacking the streets: 'Smart' writing in the smart city,http://firstmonday.org/ojs/index.php/fm/article/view/5529/5192
Health Data Governance: Privacy, Monitoring and Research,http://www.keepeek.com/Digital-Asset-Management/oecd/social-issues-migration-health/health-data-governance_9789264244566-en#page1
Innovation Contests,http://papers.ssrn.com/sol3/papers.cfm?abstract_id=2425517
Innovation spaces: transforming humanitarian practice in the United Nations,http://www.rsc.ox.ac.uk/files/publications/working-paper-series/wp107-innovation-spaces.pdf/
Innovations in Global Governance: Towards a Distributed Internet Governance Ecosystem,http://www.cigionline.org/publications/innovations-global-governance-toward-distributed-internet-governance-ecosystem
Linked Open Economy: Take Full Advantage of Economic Data,http://poseidon01.ssrn.com/delivery.php?ID=907117081025015121102022001066117072026032046009065078108123098067127127070084001025032052096126039015001119030023088004099125042057064008052100087081008119003094093046043005068086065069023078080091113001076097024028086000126104073119011095089086075118&EXT=pdf
Making Open Innovation Ecosystems Work: Case Studies in Healthcare,http://businessofgovernment.org/sites/default/files/Making%20Open%20Innovation%20Ecosystems%20Work.pdf
Making Sense of the New Urban Science,http://www.citiesofdata.org/wp-content/uploads/2015/04/Making-Sense-of-the-New-Science-of-Cities-FINAL-2015.7.7.pdf
New Frontiers in Social Innovation Research,http://download.springer.com/static/pdf/884/bok%253A978-1-137-50680-1.pdf?originUrl=http%3A%2F%2Flink.springer.com%2Fbook%2F10.1007%2F978-1-137-50680-1&token2=exp=1459287040~acl=%2Fstatic%2Fpdf%2F884%2Fbok%25253A978-1-137-50680-1.pdf%3ForiginUrl%3Dhttp%253A%252F%252Flink.springer.com%252Fbook%252F10.1007%252F978-1-137-50680-1*~hmac=63d56c4098d8700d93e9f8216b4c6055e9b27ba26c45e373f60cc847e12ca82f
On Researching Data and Communication,http://www.academia.edu/20414405/On_Researching_Data_and_Communication
Open Data as Open Educational Resources: Case studies of emerging practice,http://education.okfn.org/files/2015/11/Book-Open-Data-as-Open-Educational-Resources1.pdf
Open Data as Universal Service. New perspectives in the Information Profession,http://www.sciencedirect.com/science/article/pii/S1877042814040397
Overcoming Barriers to Data Sharing in Public Health: A Global Perspective ,http://www.chathamhouse.org/publication/overcoming-barriers-data-sharing-public-health-global-perspective
Private Provision of Public Goods via Crowdfunding,http://poseidon01.ssrn.com/delivery.php?ID=947007004017109104097083123080089095051048070010086053068068081121124026126105093107029048119010012112117108099006094077120092006027045011092091098112067026028088077038058055083125120028028006026089119009015071115098092116095113024096087101107065116001&EXT=pdf
Public Participation in Selected Civilizations: Problems and Potentials,http://www.krepublishers.com/02-Journals/JSSA/JSSA-06-0-000-15-Web/JSSA-06-3-000-15-Abst-PDF/JSSA-06-3-415-15-174-Muse-S-A/JSSA-06-3-415-174-Muse-S-A-Tx%5B12%5D.pdf
Public-Private Partnerships for Statistics: Lessons Learned, Future Steps,http://www.oecd-ilibrary.org/docserver/download/5jm3nqp1g8wf.pdf?expires=1457284035&id=id&accname=guest&checksum=D0F28E98C1E3567F927A46CACDB8C7AA
Push, Pull, and Spill: A Transdisciplinary Case Study in Municipal Open Government,http://papers.ssrn.com/sol3/papers.cfm?abstract_id=2636074
Quantifying crowd size with mobile phone and Twitter data,http://rsos.royalsocietypublishing.org/content/royopensci/2/5/150162.full.pdf
Quizz: Targeted Crowdsourcing with a Billion (Potential) Users,http://research.google.com/pubs/pub42022.html
Statactivism: Forms of Action between Disclosure and Affirmation,http://papers.ssrn.com/sol3/papers.cfm?abstract_id=2466882
Structuring Big Data to Facilitate Democratic Participation in International Law,http://papers.ssrn.com/sol3/papers.cfm?abstract_id=2346188
Sustainable Value of Open Government Data: Uncovering the Generative Mechanisms of Open Data through a Mixed Methods Approach,http://www.researchgate.net/publication/281621017_Sustainable_Value_of_Open_Government_Data_Uncovering_the_Generative_Mechanisms_of_Open_Data_through_a_Mixed_Methods_Approach
The City As Platform: How Digital Networks Are Changing Urban Life and Governance,http://csreports.aspeninstitute.org/documents/CityAsPlatform.pdf
The Effect of Government Responsiveness on Future Political Participation,http://papers.ssrn.com/sol3/papers.cfm?abstract_id=2570898&utm_content=buffer8587b&utm_medium=social&utm_source=twitter.com&utm_campaign=buffer
The impact of online Freedom of Information tools: What is the evidence? Part 2. Practitioner Study,http://www.mysociety.org/files/2014/11/FOI-Impact_Part-2-Practitioner-Study-06.pdf
The Impact of Open Government on Innovation: Does Government Transparency Drive Innovation?,http://repository.library.georgetown.edu/handle/10822/709375
The Innovation Imperative in the Public Sector: Setting an Agenda for Action,http://www.keepeek.com/Digital-Asset-Management/oecd/governance/the-innovation-imperative-in-the-public-sector_9789264236561-en#page1
The Promise and Perils of Open Medical Data,http://onlinelibrary.wiley.com/doi/10.1002/hast.529/epdf
The Spectrum of Control: A Social Theory of the Smart City,http://papers.ssrn.com/sol3/papers.cfm?abstract_id=2653860
Tools to Innovate: Data Analytics, Risk Management, and Shared Services,http://businessofgovernment.org/sites/default/files/Tools%20to%20Innovate.pdf
Toward Metrics for Re(imagining) Governance: The Promise and Challenge of Evaluating Innovations in How We Govern,http://thegovlab.org/wp-content/uploads/2013/04/GovLabMetrics.pdf
Towards Timely Public Health Decisions to Tackle Seasonal Diseases With Open Government Data,http://www.aaai.org/ocs/index.php/WS/AAAIW14/paper/view/8728/8221
Transparency in Search of a Theory,http://est.sagepub.com/content/18/2/150.full.pdf+html
Using Crowds for Evaluation Tasks: Validity by Numbers vs. Validity by Expertise,http://papers.ssrn.com/sol3/papers.cfm?abstract_id=2478620
Visualizing signatures of human activity in cities across the globe,http://arxiv.org/abs/1509.00459
When to Punish, When to Persuade and When to Reward: Strengthening Responsive Regulation with the Regulatory Diamond,http://papers.ssrn.com/sol3/papers.cfm?abstract_id=2698498
Who Are You Calling Irrational?,http://poseidon01.ssrn.com/delivery.php?ID=234103074096007115120127114026118117007063081059035051122026119022074104105003127081041018096039040035032004118027125096071073107034025084050093017064016119001029019023049012020082066000072126066007087064005072008069094090083091119064108127118024097092&EXT=pdf
Will Organization Design Be Affected By Big Data?,http://www.jorgdesign.net/article/view/9729/17103
The Quantified Community and Neighborhood Labs: A Framework for Computational Urban Planning and Civic Technology Innovation,http://papers.ssrn.com/sol3/Delivery.cfm/SSRN_ID2659896_code1645634.pdf?abstractid=2659896&mirid=1&type=2
Behavioural Approaches: How Nudges Lead to More Intelligent Policy Design,http://papers.ssrn.com/sol3/papers.cfm?abstract_id=2604377
Navigating the Health Data Ecosystem: The "Six C's": Understanding the Health Data Terrain in the Era of Precision Medicine,http://www.oreilly.com/data/free/navigating-health-data-ecosystem.csp?imm_mid=0d28ad&cmp=em-data-na-na-newsltr_20150527
Tracking Employment Shocks Using Mobile Phone Data,http://arxiv.org/pdf/1505.06791v1.pdf
Governing Methods: Policy Innovation Labs, Design and Data Science in the Digital Governance of Education,http://www.tandfonline.com/doi/full/10.1080/00220620.2015.1038693
Digital Social Innovation: Interim Report,http://content.digitalsocial.eu/wp-content/uploads/2014/05/DSI-report_final_19.05.2014.pdf
Open Data Impact: When Demand and Supply Meet – Key Findings of the Open Data Impact Case Studies,http://odimpact.org/key-findings.html
Architecting Transparency Back to the Roots – and Forward to the Future?,http://papers.ssrn.com/sol3/papers.cfm?abstract_id=2616655
Civic Open Data at a Crossroads: Dominant Models and Current Challenges,http://www.sciencedirect.com/science/article/pii/S0740624X15000611
Modernizing Informed Consent: Expanding the Boundaries of Materiality,http://papers.ssrn.com/sol3/papers.cfm?abstract_id=2610766
Social Innovation Lab Guide,http://uwaterloo.ca/waterloo-institute-for-social-innovation-and-resilience/sites/ca.waterloo-institute-for-social-innovation-and-resilience/files/uploads/files/10_silabguide_final.pdf
The Trust Imperative: A Framework for Ethical Data Use,http://go.pardot.com/l/69102/2015-07-12/pxysr
Understanding the Smart City Domain: A Literature Review,http://eadic.teilar.gr/publications/14/formattedChapterAnthopoulos.pdf
Data, Human Rights & Human Security,http://www.datasociety.net/pubs/dhr/Data-HumanRights-primer2015.pdf
Do Experts or Collective Intelligence Write with More Bias? Evidence from Encyclopaedia Britannica and Wikipedia,http://hbswk.hbs.edu/item/do-experts-or-collective-intelligence-write-with-more-bias-evidence-from-encyclopdia-britannica-and-wikipedia
Does Enclave Deliberation Polarize Opinions?,http://link.springer.com/article/10.1007/s11109-015-9304-x/fulltext.html?utm_content=buffer57ef6&utm_medium=social&utm_source=twitter.com&utm_campaign=buffer
Examining the Determinants of Police Department Transparency: The View of Police Executives,http://cjp.sagepub.com/content/early/2015/07/18/0887403415596039.abstract
Gatekeepers: How Procurement Personnel Guard Against Hybrid Accountability,http://link.springer.com/article/10.1007/s11115-015-0325-z?utm_content=bufferf4721&utm_medium=social&utm_source=twitter.com&utm_campaign=buffer
Mapping collective behavior in the big-data era ,http://www.researchgate.net/publication/260398407_Big_data_needs_an_analysis_of_decision_processes
Medical Wikis Dedicated to Clinical Practice: A Systematic Review,http://www.jmir.org/2015/2/e48/
Online Political Participation: A Study of Youth Usage of New Media ,http://www.mcser.org/journal/index.php/mjss/article/view/7264
Open Data, Privacy, and Fair Information Principles: Towards a Balancing Framework,http://papers.ssrn.com/sol3/papers.cfm?abstract_id=2695005
Participatory Environmental Valuation: A Comparative Analysis of Four Case Studies,http://www.mdpi.com/2071-1050/7/8/9823/htm?utm_content=buffer8b704&utm_medium=social&utm_source=twitter.com&utm_campaign=buffer
Policy makers’ perceptions on the transformational effect of Web 2.0 technologies on public services delivery,http://link.springer.com/article/10.1007/s10660-015-9196-1
Score Another One for the Internet? The Role of the Networked Public Sphere in the U.S. Net Neutrality Policy Debate",http://prodnet.www.neca.org/publicationsdocs/wwpdf/21015harvard.pdf?utm_content=buffer82284&utm_medium=social&utm_source=twitter.com&utm_campaign=buffer
Social media and citizen engagement: A meta-analytic review,http://nms.sagepub.com/content/early/2015/11/24/1461444815616221.abstract
Surveying the citizen science landscape,http://firstmonday.org/ojs/index.php/fm/article/view/5520/4194
The Fundamentals of Policy Crowdsourcing,http://onlinelibrary.wiley.com/doi/10.1002/poi3.102/abstract?userIsAuthenticated=false&deniedAccessCustomisedMessage=
Tweeting From Left to Right: Is Online Political Communication More Than an Echo Chamber?,http://pss.sagepub.com/content/early/2015/08/21/0956797615594620.abstract?utm_content=buffer59bd3&utm_medium=social&utm_source=twitter.com&utm_campaign=buffer
What Is Citizen Science? – A Scientometric Meta-Analysis,http://journals.plos.org/plosone/article?id=10.1371/journal.pone.0147152
When Does ICT-Enabled Citizen Voice Lead to Government Responsiveness?,http://openknowledge.worldbank.org/bitstream/handle/10986/23650/WDR16-BP-When-Does-ICT-Enabled-Citizen-Voice-Peixoto-Fox.pdf?sequence=1&isAllowed=y
When Talk Trumps Text:The Democratizing Effects of Deliberation during Constitution-Making, 1974-2011,http://www.researchgate.net/publication/270509933_When_Talk_Trumps_Text_How_Deliberation_on_New_Constitutions_Democratizes_More_Than_Mere_Citizen_Participation_-_by_Eisenstadt_LeVan_Maboudi
Who Benefits From Civic Technology?,http://www.mysociety.org/research/who-benefits-from-civic-technology/
Who you are/where you live: do neighbourhood characteristics explain co-production?,http://ras.sagepub.com/content/early/2015/08/06/0020852315570554.abstract
Peacekeeping 4.0: Harnessing the Potential of Big Data, Social Media, and Cyber Technologies,http://link.springer.com/chapter/10.1007%2F978-3-642-37481-4_9
New Technology and the Prevention of Violence and Conflict,http://www.stabilityjournal.org/articles/10.5334/sta.cp/
Using Data Sharing to Improve Coordination in Peacebuilding,http://www.usip.org/publications/using-data-sharing-improve-coordination-in-peacebuilding
A world that counts: Mobilising the data revolution for sustainable development,http://www.undatarevolution.org/wp-content/uploads/2014/11/A-World-That-Counts.pdf
Guidance for Incorporating Big Data into Humanitarian Operations,http://digitalhumanitarians.com/sites/default/files/resource-field_media/IncorporatingBigDataintoHumanitarianOps-2015.pdf
The limits of crisis data: analytical and ethical challenges of using social and mobile data to understand disasters,http://link.springer.com/article/10.1007/s10708-014-9597-z
Making design safe for citizens: A hidden history of humanitarian experimentation,http://www.tandfonline.com/doi/pdf/10.1080/13621020903466399
The humanitarian cyberspace: shrinking space or an expanding frontier?,http://www.tandfonline.com/doi/pdf/10.1080/01436597.2015.1043992
Humanitarian technology: a critical research agenda,http://journals.cambridge.org/action/displayAbstract;jsessionid=79ADC2A95DCD5CB4518BB854F3496060.journals?aid=9904633&fileId=S1816383114000344
World Disasters Report: Focus on technology and the future of humanitarian action,http://www.ifrc.org/PageFiles/134658/WDR%202013%20complete.pdf
From Governmental Open Data Toward Governmental Open Innovation (GOI),http://onlinelibrary.wiley.com/doi/10.1002/9781118739044.ch24/summary
Digital Government Evolution: From Transformation to Contextualization,http://www.sciencedirect.com/science/article/pii/S0740624X15000775
Crowdsourcing: A Survey of Applications,http://www.myresearchjournals.com/index.php/IJKBCS/article/view/3151
How Our Days Became Numbered: Risk and the Rise of the Statistical Individual,http://www.press.uchicago.edu/ucp/books/book/chicago/H/bo20298894.html
Deliberation and Development: Rethinking the Role of Voice and Collective Action in Unequal Societies,https://openknowledge.worldbank.org/bitstream/handle/10986/22167/9781464805011.pdf?sequence=1&isAllowed=y
Rethinking big data in digital humanitarianism: practices, epistemologies, and social relations,http://link.springer.com/article/10.1007%2Fs10708-014-9599-x
Digital humanitarians: how big data is changing the face of humanitarian response,http://www.amazon.com/Digital-Humanitarians-Changing-Humanitarian-Response/dp/1482248395
Enabling Humanitarian Use of Mobile Phone Data,http://www.brookings.edu/research/papers/2014/11/12-enabling-humanitarian-use-mobile-phone-data
Crowdsourcing geographic information for disaster response: a research frontier,http://www.tandfonline.com/doi/abs/10.1080/17538941003759255
Aiding Surveillance: An exploration of how development and humanitarian aid initiatives are enabling surveillance in developing countries,https://www.privacyinternational.org/sites/default/files/Aiding%20Surveillance.pdf
The Politics of Humanitarian Technology: Good Intentions, Unintended Consequences and Insecurity,http://www.amazon.com/Politics-Humanitarian-Technology-Intentions-Consequences-ebook/dp/B00YY63OJA
Sensing and Shaping Emerging Conflicts: Report of a Joint Workshop of the National Academy of Engineering and the United States Institute of Peace: Roundtable on Technology, Science, and Peacebuilding,http://www.nap.edu/catalog/18349/sensing-and-shaping-emerging-conflicts-report-of-a-joint-workshop?utm_medium=etmail&utm_source=The+National+Academies+Press&utm_campaign=NAP+mail+new+06.25.13&utm_content=Downloader&utm_term=selectTopics
Data hubris? Humanitarian information systems and the mirage of technology,http://www.tandfonline.com/doi/abs/10.1080/01436597.2015.1136208
Ebola: A Big Data Disaster,http://cis-india.org/papers/ebola-a-big-data-disaster
Digital Inequality and Second-Order Disasters: Social Media in the Typhoon Haiyan Recovery,http://sms.sagepub.com/content/1/2/2056305115603386.short
Mapping the Risk-Utility Landscape of Mobile Data for Sustainable Development & Humanitarian Action,http://www.unglobalpulse.org/projects/mobile-data-privacy
Connecting Grassroots to Government for Disaster Management: Workshop Summary,https://www.scribd.com/doc/165813847/Connecting-Grassroots-to-Government-for-Disaster-Management-Workshop-Summary
Privacy, Transparency and Trust in a Digital World,https://issuu.com/betterplacelab/docs/mozilla-report-final-150119120932-c/1
Health Big Data in the Commercial Context,https://cdt.org/insight/health-big-data-in-the-commercial-context/
A Risk-based Approach to Privacy: Improving Effectiveness in Practice,https://www.informationpolicycentre.com/files/Uploads/Documents/Centre/A_Risk-based_Approach_to_Privacy_Improving_Effectiveness_in_Practice.pdf
Mobile Privacy Disclosures: Building Trust Through Transparency: A Federal Trade Commission Staff Report,https://www.ftc.gov/reports/mobile-privacy-disclosures-building-trust-through-transparency-federal-trade-commission
The Politics and Ethics of CDR Analytics,http://static1.squarespace.com/static/531a2b4be4b009ca7e474c05/t/54b97f82e4b0ff9569874fe9/1421442946517/WhitePaperCDRsEthicFrameworkDec10-2014Draft-2.pdf
Big Data and Due Process: Toward a Framework to Redress Predictive Privacy Harms,http://papers.ssrn.com/sol3/papers.cfm?abstract_id=2325784&download=yes
Accountability: Data Governance for the Evolving Digital Marketplace,http://www.huntonfiles.com/files/webupload/CIPL_Centre_Accountability_Data_Governance_Paper_2011.pdf
Do Mobile Phone Surveys Work in Poor Countries?,https://scholar.google.com/citations?view_op=view_citation&hl=en&user=ZPqxDokAAAAJ&sortby=pubdate&citation_for_view=ZPqxDokAAAAJ:M05iB0D1s5AC
Evaluating Digital Citizen Engagement : A Practical Guide,https://openknowledge.worldbank.org/bitstream/handle/10986/23752/deef-book.pdf?sequence=1&isAllowed=y
The Uncertain Relationship between Open Data and Accountability: A Response to Yu and Robinson's' The New Ambiguity of Open Government',http://www.uclalawreview.org/the-uncertain-relationship-between-open-data-and-accountability-a-response-to-yu-and-robinsons-the-new-ambiguity-of-open-government/